date,price_usd,log_return,is_crisis
2022-07-01,1.08,,False
2022-07-02,1.091839143287478,0.010902520654388112,False
2022-07-03,1.031846898016833,-0.05651326037163467,False
2022-07-04,1.0674976979584334,0.033967008220216234,False
2022-07-05,1.1142788323430932,0.04289009887971024,False
2022-07-06,1.0058265034333087,-0.10239781351042224,False
2022-07-07,0.9395035797450483,-0.06821324487811178,False
2022-07-08,0.9437890747974376,0.004551074352585394,False
2022-07-09,0.9271938247290233,-0.017740071589951764,False
2022-07-10,0.9249465856596818,-0.002426641262716356,False
2022-07-11,0.8849617090387465,-0.044191613163311744,False
2022-07-12,0.9241312798230672,0.04330976183117463,False
2022-07-13,0.9593169187030441,0.03736734889714777,False
2022-07-14,0.9603390257935727,0.001064885809403844,False
2022-07-15,1.0137299377267426,0.05410544108847481,False
2022-07-16,1.0343448297768472,0.020131675477489362,False
2022-07-17,0.9872874051570871,-0.04656230287164371,False
2022-07-18,1.0028793584607283,0.015669312349388623,False
2022-07-19,0.9530188568990193,-0.050995809689511194,False
2022-07-20,0.9937091464814914,0.04180986432366604,False
2022-07-21,0.9883750305845345,-0.005382343329254911,False
2022-07-22,0.9765547376985708,-0.01203140759878487,False
2022-07-23,0.9414455121972809,-0.03661433071049881,False
2022-07-24,0.9989083917686069,0.0592466014864649,False
2022-07-25,0.988270327180236,-0.010706803682882038,False
2022-07-26,0.9646385964680616,-0.0242027510696467,False
2022-07-27,0.9455877390964402,-0.019946839460803625,False
2022-07-28,0.9691873330772952,0.024651239095624854,False
2022-07-29,0.9846658878730179,0.015844464106971073,False
2022-07-30,1.0024670857187947,0.01791694293923532,False
2022-07-31,1.0211820198579789,0.0184967518950489,False
2022-08-01,1.1327743624934388,0.10370901236760496,False
2022-08-02,1.1043304801677294,-0.025430560684296263,False
2022-08-03,1.0713575506144923,-0.03031266784046198,False
2022-08-04,1.0243303279277067,-0.04488752273220752,False
2022-08-05,1.0527549478391267,0.027371427502701787,False
2022-08-06,1.1095528526463883,0.05254661074325522,False
2022-08-07,1.0979913632275227,-0.010474621567140893,False
2022-08-08,1.0479839017639738,-0.04661425227476772,False
2022-08-09,1.0018216576456882,-0.04504822442896307,False
2022-08-10,1.031812443364408,0.029496909176857856,False
2022-08-11,1.0670786160398131,0.03360773950136505,False
2022-08-12,1.0919344498174766,0.023026198763417438,False
2022-08-13,1.0514391749719059,-0.037790979354931274,False
2022-08-14,1.0595956014337489,0.007727458723506428,False
2022-08-15,1.061527841952752,0.0018219034441458518,False
2022-08-16,1.068868221654107,0.006891121209601961,False
2022-08-17,1.1118352554190343,0.039411681347638255,False
2022-08-18,1.1189393856497647,0.006369226291222774,False
2022-08-19,1.151900975680395,0.029032340425785258,False
2022-08-20,1.1496055650877375,-0.0019947033068009046,False
2022-08-21,1.1601303979672808,0.009113514179795279,False
2022-08-22,1.190784483053415,0.02607990854252809,False
2022-08-23,1.1006166502216146,-0.07874170554141416,False
2022-08-24,1.0781445142187078,-0.02062909262371622,False
2022-08-25,1.048560465729076,-0.02782328272898041,False
2022-08-26,1.0117087551449724,-0.03577750040301915,False
2022-08-27,0.9946894581318962,-0.016965431004302714,False
2022-08-28,1.0687807072023323,0.0718431656589354,False
2022-08-29,1.0192515040176635,-0.0474499344130364,False
2022-08-30,1.0662443001891195,0.04507393582034749,False
2022-08-31,0.9761692167148628,-0.08826180396422795,False
2022-09-01,0.9575051729809585,-0.019304825535237144,False
2022-09-02,0.9632063151288425,0.005936507306306127,False
2022-09-03,0.9895658708135724,0.026998701685792197,False
2022-09-04,1.0225118287201036,0.0327511236570774,False
2022-09-05,1.0602802366607065,0.03627107009316144,False
2022-09-06,1.0377694369455697,-0.02145960972373641,False
2022-09-07,1.010354178522158,-0.026772696481452106,False
2022-09-08,1.0512871494309945,0.039714328835355625,False
2022-09-09,1.0372489023146405,-0.013443348056362096,False
2022-09-10,0.9696124759291769,-0.0674307186264864,False
2022-09-11,0.9139686208494707,-0.059100243130677355,False
2022-09-12,0.8717633114981075,-0.04727828389378032,False
2022-09-13,0.8933905209749684,0.024505843508126013,False
2022-09-14,0.8990090035979286,0.006269250742474405,False
2022-09-15,0.9296789985060977,0.033546314121124035,False
2022-09-16,0.908539398050964,-0.02300111072827392,False
2022-09-17,0.9146827251695662,0.006739003755880685,False
2022-09-18,0.9424998226842892,0.0299584744929522,False
2022-09-19,0.9262707245397935,-0.017369180156938717,False
2022-09-20,0.9461849681158315,0.021271525456729334,False
2022-09-21,0.9135750636522688,-0.035072532560599196,False
2022-09-22,0.8959778270634,-0.01944987784025741,False
2022-09-23,0.8782388138972219,-0.01999711183219123,False
2022-09-24,0.8268490376196244,-0.06029641807166641,False
2022-09-25,0.8478808774554484,0.025118015041800418,False
2022-09-26,0.8284027353660801,-0.023240719722607717,False
2022-09-27,0.8295245449130044,0.0013532676993361081,False
2022-09-28,0.8502999837127043,0.024736510034609638,False
2022-09-29,0.8696447262553848,0.022495558383745534,False
2022-09-30,0.8987924413239718,0.0329673629131743,False
2022-10-01,0.8935074986403791,-0.005897403534964513,False
2022-10-02,0.8740478632253629,-0.02201958942711678,False
2022-10-03,0.8702173994975563,-0.0043920726591687165,False
2022-10-04,0.7995594029628394,-0.08468223525762497,False
2022-10-05,0.7448758831145617,-0.07084322500099002,False
2022-10-06,0.6994174146714344,-0.06296988089031819,False
2022-10-07,0.6685566179805723,-0.04512663674587375,False
2022-10-08,0.686106917301541,0.025912384688430934,False
2022-10-09,0.6591785885537345,-0.040038974594639065,False
2022-10-10,0.6509241234663445,-0.012601415511131031,False
2022-10-11,0.6992494105708085,0.0716144075363499,False
2022-10-12,0.690168781513509,-0.013071310568773586,False
2022-10-13,0.7197417980836269,0.04195635535198161,False
2022-10-14,0.6896751009296385,-0.0426719154399261,False
2022-10-15,0.6861168760150955,-0.005172632066270777,False
2022-10-16,0.6577214287044899,-0.04226650536243842,False
2022-10-17,0.6507965255252848,-0.010584444495713607,False
2022-10-18,0.6832568551028702,0.04867382128353609,False
2022-10-19,0.6300815456469012,-0.08102160929522434,False
2022-10-20,0.6488088618606951,0.02928891301206832,False
2022-10-21,0.6610094189152608,0.018629927687654202,False
2022-10-22,0.6456720232457372,-0.023476418340406646,False
2022-10-23,0.6047811814231246,-0.06542496189393093,False
2022-10-24,0.6123083620879715,0.012369306229146393,False
2022-10-25,0.601338697610981,-0.018077682684784324,False
2022-10-26,0.6138345057770466,0.020567024697328073,False
2022-10-27,0.6196419611614012,0.009416471983344277,False
2022-10-28,0.676735029551726,0.08813797792437805,False
2022-10-29,0.6724382756275729,-0.006369483348612703,False
2022-10-30,0.6425879569128965,-0.045406618491597106,False
2022-10-31,0.6529360661009214,0.0159755112026832,False
2022-11-01,0.6645079447421866,0.017567617530712787,False
2022-11-02,0.7155803738206363,0.07404709101952323,False
2022-11-03,0.749198444547955,0.04590996934562347,False
2022-11-04,0.7649979274379153,0.020869230174224984,False
2022-11-05,0.8251521096424836,0.07569462007247985,False
2022-11-06,0.7781690214260861,-0.05862399289075121,False
2022-11-07,0.7552791353654599,-0.029856355136260115,False
2022-11-08,0.723131327418066,-0.04349654862442143,False
2022-11-09,0.7119389063341098,-0.01559874599249439,False
2022-11-10,0.6674342362508862,-0.06455123906977062,False
2022-11-11,0.6930951972143462,0.037726496523054154,False
2022-11-12,0.6888521647470106,-0.006140676435453629,False
2022-11-13,0.6433036122340822,-0.06840988947400412,False
2022-11-14,0.6157360655979607,-0.0437983867859465,False
2022-11-15,0.6306350980956591,0.023908997039371604,False
2022-11-16,0.6626032449518261,0.04944898333789449,False
2022-11-17,0.7366983467358013,0.10600212238267076,False
2022-11-18,0.8551740121677566,0.14912646169423607,False
2022-11-19,0.8731206873324401,0.020768819419798995,False
2022-11-20,0.8306533761949277,-0.04986119930588584,False
2022-11-21,0.7471604584741234,-0.10593262543257193,False
2022-11-22,0.7595732403329252,0.01647678377461892,False
2022-11-23,0.731287889729157,-0.03794953747000107,False
2022-11-24,0.7188505359570223,-0.017153753774019898,False
2022-11-25,0.7000057814736005,-0.026564864186628734,False
2022-11-26,0.6983798296238042,-0.0023254709854422795,False
2022-11-27,0.7401375705440958,0.058072951788624594,False
2022-11-28,0.6809265649005681,-0.08338160893905106,True
2022-11-29,0.6264524397085227,-0.083381608939051,True
2022-11-30,0.5690055162213528,-0.09618272851366738,True
2022-12-01,0.4680484231252296,-0.19531836988722828,True
2022-12-02,0.43060454927521125,-0.083381608939051,True
2022-12-03,0.3,-0.3614076751862306,True
2022-12-04,0.5379538171716665,0.5839902401326226,True
2022-12-05,0.5009166156524261,-0.07133306337943823,True
2022-12-06,0.5146675716249407,0.027081548844296033,True
2022-12-07,0.5043172511123781,-0.020315663720433474,False
2022-12-08,0.4841603399427868,-0.04078940380448226,False
2022-12-09,0.46797724146021646,-0.03399646735207629,False
2022-12-10,0.4556802411362226,-0.026628327414413788,False
2022-12-11,0.4834327818245445,0.059120943118533,False
2022-12-12,0.469296693170286,-0.029677104607656934,False
2022-12-13,0.47890578555188246,0.020268711720965116,False
2022-12-14,0.4637879748143319,-0.03207639123288897,False
2022-12-15,0.47463660339787905,0.0231219687986276,False
2022-12-16,0.4777819681122447,0.006605029014607688,False
2022-12-17,0.47318127939462223,-0.00967592517170468,False
2022-12-18,0.47027975719635307,-0.006150823899274793,False
2022-12-19,0.45887941364061924,-0.024540285538583673,False
2022-12-20,0.46284848690057795,0.008612298250566752,False
2022-12-21,0.45438076508902026,-0.018464222254346963,False
2022-12-22,0.4359158747775043,-0.0414862591869164,False
2022-12-23,0.41763873947308117,-0.0428324777709056,False
2022-12-24,0.4180249125195599,0.0009242308745799344,False
2022-12-25,0.4364418084368972,0.04311402230986017,False
2022-12-26,0.43657222070763957,0.0002987632898412418,False
2022-12-27,0.4330668214357283,-0.008061777559040362,False
2022-12-28,0.43485328235214715,0.004116654128708985,False
2022-12-29,0.4502071667453303,0.03469915512428934,False
2022-12-30,0.45106894606006204,0.001912354194506749,False
2022-12-31,0.44346242705534,-0.017007122558966303,False
2023-01-01,0.4563288437752866,0.02860061923459467,False
2023-01-02,0.4600502655767942,0.008122058264640852,False
2023-01-03,0.47944311702357983,0.04128950100655571,False
2023-01-04,0.4796842611686426,0.0005028407188174544,False
2023-01-05,0.46007858801001683,-0.04173077984059759,False
2023-01-06,0.43946981854425576,-0.045828275878157076,False
2023-01-07,0.459692600520915,0.04498896384800477,False
2023-01-08,0.4817806166181231,0.04693085183188228,False
2023-01-09,0.47679412896194673,-0.010404055936225065,False
2023-01-10,0.46900939566691646,-0.01646200060604086,False
2023-01-11,0.48764286245299787,0.03896049704187443,False
2023-01-12,0.4693240945100501,-0.03828973582909201,False
2023-01-13,0.45466709386570003,-0.031728073541161916,False
2023-01-14,0.46134395937821226,0.014578391256344081,False
2023-01-15,0.4537325462196543,-0.016635961370893848,False
2023-01-16,0.451530861084061,-0.004864196340848337,False
2023-01-17,0.4472222556309045,-0.00958803564768973,False
2023-01-18,0.44968591972346855,0.005493695690408584,False
2023-01-19,0.4668980367541364,0.03756151420556153,False
2023-01-20,0.4658989443244223,-0.0021421441793481044,False
2023-01-21,0.47268927485784634,0.014469495496384988,False
2023-01-22,0.4423097447372063,-0.06642783183757595,False
2023-01-23,0.43964822842936685,-0.006035490279802991,False
2023-01-24,0.42672378396513877,-0.029837998360476736,False
2023-01-25,0.40960643466410257,-0.04094014472317675,False
2023-01-26,0.39730787947296686,-0.030485288055024817,False
2023-01-27,0.39179096593108453,-0.013983047789816627,False
2023-01-28,0.4011483219833127,0.023602791789149258,False
2023-01-29,0.3839538189179447,-0.043808957054362385,False
2023-01-30,0.3828686494894037,-0.00283030348654556,False
2023-01-31,0.37594218337784674,-0.018256614680126182,False
2023-02-01,0.3709210109665364,-0.01344623246111265,False
2023-02-02,0.38090204660474997,0.026553115053169263,False
2023-02-03,0.3856717203389479,0.012444295624389978,False
2023-02-04,0.3999467424399378,0.03634485217261041,False
2023-02-05,0.3965083193950731,-0.008634371407718056,False
2023-02-06,0.3867860048371742,-0.024825441921212055,False
2023-02-07,0.3827418718001199,-0.010510783017980918,False
2023-02-08,0.38410127177325243,0.0035454483971577577,False
2023-02-09,0.38469537959608613,0.001545552884600343,False
2023-02-10,0.37098397200915817,-0.03629293973569048,False
2023-02-11,0.3706813635322409,-0.0008160243689656621,False
2023-02-12,0.3719145964597096,0.003321413332795564,False
2023-02-13,0.3996709421931713,0.07197731552684472,False
2023-02-14,0.4211343240532305,0.052310278269359634,False
2023-02-15,0.40872944606402106,-0.02989840621410811,False
2023-02-16,0.4035513698003535,-0.012749645948054278,False
2023-02-17,0.3846553460681414,-0.04795606180575862,False
2023-02-18,0.37648035564932203,-0.02148185868615926,False
2023-02-19,0.37868656375609827,0.005842984714580113,False
2023-02-20,0.3912012596594014,0.03251330378064177,False
2023-02-21,0.3812611573150652,-0.025737565561620324,False
2023-02-22,0.3724694783423302,-0.023329495455561622,False
2023-02-23,0.34799214483837015,-0.067975189910359,False
2023-02-24,0.34522508928456275,-0.00798327021763634,False
2023-02-25,0.3333777364121142,-0.03492044631973812,False
2023-02-26,0.32720668939441516,-0.018684141799738985,False
2023-02-27,0.31786318008918557,-0.02897100997540547,False
2023-02-28,0.31619008914752134,-0.005277458238990063,False
2023-03-01,0.2992268853932081,-0.055141481003682324,False
2023-03-02,0.28577689299234194,-0.04599068770550474,False
2023-03-03,0.30413965430046697,0.062275573110119886,False
2023-03-04,0.2920004721965363,-0.04073156568720604,False
2023-03-05,0.28204623652750493,-0.034684402562752625,False
2023-03-06,0.29758135976334715,0.053616648977816705,False
2023-03-07,0.3240522285903235,0.08521703636049627,False
